Area,Year,Item,Months,Value,date
Canada,2000,"Consumer Prices, Food Indices (2015 = 100)",January,64.948845,2000-01-01
Mexico,2000,"Consumer Prices, Food Indices (2015 = 100)",January,43.310986,2000-01-01
United States of America,2000,"Consumer Prices, Food Indices (2015 = 100)",January,68.635462,2000-01-01
Canada,2000,"Consumer Prices, Food Indices (2015 = 100)",February,64.736363,2000-02-01
Mexico,2000,"Consumer Prices, Food Indices (2015 = 100)",February,43.357053,2000-02-01
United States of America,2000,"Consumer Prices, Food Indices (2015 = 100)",February,68.635462,2000-02-01
Canada,2000,"Consumer Prices, Food Indices (2015 = 100)",March,65.0905,2000-03-01
Mexico,2000,"Consumer Prices, Food Indices (2015 = 100)",March,43.395978,2000-03-01
United States of America,2000,"Consumer Prices, Food Indices (2015 = 100)",March,68.676733,2000-03-01
Canada,2000,"Consumer Prices, Food Indices (2015 = 100)",April,65.232155,2000-04-01
Mexico,2000,"Consumer Prices, Food Indices (2015 = 100)",April,43.63863,2000-04-01
United States of America,2000,"Consumer Prices, Food Indices (2015 = 100)",April,68.718004,2000-04-01
Canada,2000,"Consumer Prices, Food Indices (2015 = 100)",May,65.869603,2000-05-01
Mexico,2000,"Consumer Prices, Food Indices (2015 = 100)",May,43.972098,2000-05-01
United States of America,2000,"Consumer Prices, Food Indices (2015 = 100)",May,69.130732,2000-05-01
Mexico,2000,"Consumer Prices, Food Indices (2015 = 100)",June,44.370039,2000-06-01
United States of America,2000,"Consumer Prices, Food Indices (2015 = 100)",June,69.048181,2000-06-01
Canada,2000,"Consumer Prices, Food Indices (2015 = 100)",June,66.436223,2000-06-01
United States of America,2000,"Consumer Prices, Food Indices (2015 = 100)",July,69.460909,2000-07-01
Canada,2000,"Consumer Prices, Food Indices (2015 = 100)",July,66.861188,2000-07-01
Mexico,2000,"Consumer Prices, Food Indices (2015 = 100)",July,44.449464,2000-07-01
United States of America,2000,"Consumer Prices, Food Indices (2015 = 100)",August,69.708544,2000-08-01
Canada,2000,"Consumer Prices, Food Indices (2015 = 100)",August,66.507051,2000-08-01
Mexico,2000,"Consumer Prices, Food Indices (2015 = 100)",August,44.600506,2000-08-01
United States of America,2000,"Consumer Prices, Food Indices (2015 = 100)",September,69.749815,2000-09-01
Canada,2000,"Consumer Prices, Food Indices (2015 = 100)",September,65.727948,2000-09-01
Mexico,2000,"Consumer Prices, Food Indices (2015 = 100)",September,44.644321,2000-09-01
United States of America,2000,"Consumer Prices, Food Indices (2015 = 100)",October,69.791085,2000-10-01
Canada,2000,"Consumer Prices, Food Indices (2015 = 100)",October,65.515465,2000-10-01
Mexico,2000,"Consumer Prices, Food Indices (2015 = 100)",October,44.873083,2000-10-01
United States of America,2000,"Consumer Prices, Food Indices (2015 = 100)",November,69.667273,2000-11-01
Mexico,2000,"Consumer Prices, Food Indices (2015 = 100)",November,45.026506,2000-11-01
Canada,2000,"Consumer Prices, Food Indices (2015 = 100)",November,66.294568,2000-11-01
Mexico,2000,"Consumer Prices, Food Indices (2015 = 100)",December,46.020164,2000-12-01
United States of America,2000,"Consumer Prices, Food Indices (2015 = 100)",December,70.245075,2000-12-01
Canada,2000,"Consumer Prices, Food Indices (2015 = 100)",December,67.427809,2000-12-01
Mexico,2001,"Consumer Prices, Food Indices (2015 = 100)",January,46.060139,2001-01-01
United States of America,2001,"Consumer Prices, Food Indices (2015 = 100)",January,70.699064,2001-01-01
Canada,2001,"Consumer Prices, Food Indices (2015 = 100)",January,67.498636,2001-01-01
Mexico,2001,"Consumer Prices, Food Indices (2015 = 100)",February,45.028233,2001-02-01
United States of America,2001,"Consumer Prices, Food Indices (2015 = 100)",February,70.905428,2001-02-01
Canada,2001,"Consumer Prices, Food Indices (2015 = 100)",February,68.206911,2001-02-01
Mexico,2001,"Consumer Prices, Food Indices (2015 = 100)",March,45.46098,2001-03-01
United States of America,2001,"Consumer Prices, Food Indices (2015 = 100)",March,70.98797,2001-03-01
Canada,2001,"Consumer Prices, Food Indices (2015 = 100)",March,68.915187,2001-03-01
United States of America,2001,"Consumer Prices, Food Indices (2015 = 100)",April,71.070512,2001-04-01
Canada,2001,"Consumer Prices, Food Indices (2015 = 100)",April,69.198497,2001-04-01
Mexico,2001,"Consumer Prices, Food Indices (2015 = 100)",April,46.000439,2001-04-01
Canada,2001,"Consumer Prices, Food Indices (2015 = 100)",May,69.906772,2001-05-01
Mexico,2001,"Consumer Prices, Food Indices (2015 = 100)",May,46.314054,2001-05-01
United States of America,2001,"Consumer Prices, Food Indices (2015 = 100)",May,71.318147,2001-05-01
Canada,2001,"Consumer Prices, Food Indices (2015 = 100)",June,69.9776,2001-06-01
Mexico,2001,"Consumer Prices, Food Indices (2015 = 100)",June,46.343174,2001-06-01
United States of America,2001,"Consumer Prices, Food Indices (2015 = 100)",June,71.524511,2001-06-01
Canada,2001,"Consumer Prices, Food Indices (2015 = 100)",July,70.190082,2001-07-01
Mexico,2001,"Consumer Prices, Food Indices (2015 = 100)",July,46.160888,2001-07-01
United States of America,2001,"Consumer Prices, Food Indices (2015 = 100)",July,71.772136,2001-07-01
Mexico,2001,"Consumer Prices, Food Indices (2015 = 100)",August,46.95292,2001-08-01
United States of America,2001,"Consumer Prices, Food Indices (2015 = 100)",August,71.895959,2001-08-01
Canada,2001,"Consumer Prices, Food Indices (2015 = 100)",August,69.340152,2001-08-01
United States of America,2001,"Consumer Prices, Food Indices (2015 = 100)",September,71.937229,2001-09-01
Canada,2001,"Consumer Prices, Food Indices (2015 = 100)",September,68.631877,2001-09-01
Mexico,2001,"Consumer Prices, Food Indices (2015 = 100)",September,47.384347,2001-09-01
United States of America,2001,"Consumer Prices, Food Indices (2015 = 100)",October,72.308677,2001-10-01
Canada,2001,"Consumer Prices, Food Indices (2015 = 100)",October,68.419394,2001-10-01
Mexico,2001,"Consumer Prices, Food Indices (2015 = 100)",October,47.685123,2001-10-01
United States of America,2001,"Consumer Prices, Food Indices (2015 = 100)",November,72.102313,2001-11-01
Canada,2001,"Consumer Prices, Food Indices (2015 = 100)",November,68.844359,2001-11-01
Mexico,2001,"Consumer Prices, Food Indices (2015 = 100)",November,47.589673,2001-11-01
United States of America,2001,"Consumer Prices, Food Indices (2015 = 100)",December,72.102313,2001-12-01
Canada,2001,"Consumer Prices, Food Indices (2015 = 100)",December,69.835945,2001-12-01
Mexico,2001,"Consumer Prices, Food Indices (2015 = 100)",December,47.598415,2001-12-01
Canada,2002,"Consumer Prices, Food Indices (2015 = 100)",January,70.82753,2002-01-01
Mexico,2002,"Consumer Prices, Food Indices (2015 = 100)",January,48.308501,2002-01-01
United States of America,2002,"Consumer Prices, Food Indices (2015 = 100)",January,72.721405,2002-01-01
Mexico,2002,"Consumer Prices, Food Indices (2015 = 100)",February,46.86529,2002-02-01
United States of America,2002,"Consumer Prices, Food Indices (2015 = 100)",February,72.638854,2002-02-01
Canada,2002,"Consumer Prices, Food Indices (2015 = 100)",February,71.323323,2002-02-01
Mexico,2002,"Consumer Prices, Food Indices (2015 = 100)",March,46.990654,2002-03-01
United States of America,2002,"Consumer Prices, Food Indices (2015 = 100)",March,72.762676,2002-03-01
Canada,2002,"Consumer Prices, Food Indices (2015 = 100)",March,71.11084,2002-03-01
Mexico,2002,"Consumer Prices, Food Indices (2015 = 100)",April,47.369653,2002-04-01
United States of America,2002,"Consumer Prices, Food Indices (2015 = 100)",April,72.803947,2002-04-01
Canada,2002,"Consumer Prices, Food Indices (2015 = 100)",April,71.464978,2002-04-01
Mexico,2002,"Consumer Prices, Food Indices (2015 = 100)",May,47.61297,2002-05-01
United States of America,2002,"Consumer Prices, Food Indices (2015 = 100)",May,72.43249,2002-05-01
Canada,2002,"Consumer Prices, Food Indices (2015 = 100)",May,71.040013,2002-05-01
Mexico,2002,"Consumer Prices, Food Indices (2015 = 100)",June,48.153888,2002-06-01
Canada,2002,"Consumer Prices, Food Indices (2015 = 100)",June,71.323323,2002-06-01
United States of America,2002,"Consumer Prices, Food Indices (2015 = 100)",June,72.226135,2002-06-01
Canada,2002,"Consumer Prices, Food Indices (2015 = 100)",July,71.252495,2002-07-01
Mexico,2002,"Consumer Prices, Food Indices (2015 = 100)",July,48.519593,2002-07-01
United States of America,2002,"Consumer Prices, Food Indices (2015 = 100)",July,72.308677,2002-07-01
Canada,2002,"Consumer Prices, Food Indices (2015 = 100)",August,70.615048,2002-08-01
Mexico,2002,"Consumer Prices, Food Indices (2015 = 100)",August,48.680403,2002-08-01
United States of America,2002,"Consumer Prices, Food Indices (2015 = 100)",August,72.184855,2002-08-01
Canada,2002,"Consumer Prices, Food Indices (2015 = 100)",September,69.69429,2002-09-01
Mexico,2002,"Consumer Prices, Food Indices (2015 = 100)",September,48.593847,2002-09-01
United States of America,2002,"Consumer Prices, Food Indices (2015 = 100)",September,72.308677,2002-09-01
Canada,2002,"Consumer Prices, Food Indices (2015 = 100)",October,69.198497,2002-10-01
Mexico,2002,"Consumer Prices, Food Indices (2015 = 100)",October,48.762863,2002-10-01
United States of America,2002,"Consumer Prices, Food Indices (2015 = 100)",October,72.267406,2002-10-01
Mexico,2002,"Consumer Prices, Food Indices (2015 = 100)",November,49.404192,2002-11-01
United States of America,2002,"Consumer Prices, Food Indices (2015 = 100)",November,72.43249,2002-11-01
Canada,2002,"Consumer Prices, Food Indices (2015 = 100)",November,70.756703,2002-11-01
United States of America,2002,"Consumer Prices, Food Indices (2015 = 100)",December,72.680125,2002-12-01
Canada,2002,"Consumer Prices, Food Indices (2015 = 100)",December,71.323323,2002-12-01
Mexico,2002,"Consumer Prices, Food Indices (2015 = 100)",December,50.279161,2002-12-01
United States of America,2003,"Consumer Prices, Food Indices (2015 = 100)",January,72.92776,2003-01-01
Canada,2003,"Consumer Prices, Food Indices (2015 = 100)",January,72.102426,2003-01-01
Mexico,2003,"Consumer Prices, Food Indices (2015 = 100)",January,50.132812,2003-01-01
United States of America,2003,"Consumer Prices, Food Indices (2015 = 100)",February,73.299207,2003-02-01
Canada,2003,"Consumer Prices, Food Indices (2015 = 100)",February,71.889943,2003-02-01
Mexico,2003,"Consumer Prices, Food Indices (2015 = 100)",February,49.905683,2003-02-01
United States of America,2003,"Consumer Prices, Food Indices (2015 = 100)",March,73.340488,2003-03-01
Mexico,2003,"Consumer Prices, Food Indices (2015 = 100)",March,50.742557,2003-03-01
Canada,2003,"Consumer Prices, Food Indices (2015 = 100)",March,72.031598,2003-03-01
Mexico,2003,"Consumer Prices, Food Indices (2015 = 100)",April,50.657693,2003-04-01
United States of America,2003,"Consumer Prices, Food Indices (2015 = 100)",April,73.175395,2003-04-01
Canada,2003,"Consumer Prices, Food Indices (2015 = 100)",April,72.031598,2003-04-01
Mexico,2003,"Consumer Prices, Food Indices (2015 = 100)",May,50.64901,2003-05-01
United States of America,2003,"Consumer Prices, Food Indices (2015 = 100)",May,73.381759,2003-05-01
Canada,2003,"Consumer Prices, Food Indices (2015 = 100)",May,72.314908,2003-05-01
Mexico,2003,"Consumer Prices, Food Indices (2015 = 100)",June,50.653597,2003-06-01
United States of America,2003,"Consumer Prices, Food Indices (2015 = 100)",June,73.835748,2003-06-01
Canada,2003,"Consumer Prices, Food Indices (2015 = 100)",June,72.527391,2003-06-01
Mexico,2003,"Consumer Prices, Food Indices (2015 = 100)",July,50.742802,2003-07-01
United States of America,2003,"Consumer Prices, Food Indices (2015 = 100)",July,73.835748,2003-07-01
Canada,2003,"Consumer Prices, Food Indices (2015 = 100)",July,72.456563,2003-07-01
United States of America,2003,"Consumer Prices, Food Indices (2015 = 100)",August,74.165925,2003-08-01
Canada,2003,"Consumer Prices, Food Indices (2015 = 100)",August,71.535805,2003-08-01
Mexico,2003,"Consumer Prices, Food Indices (2015 = 100)",August,50.668536,2003-08-01
Canada,2003,"Consumer Prices, Food Indices (2015 = 100)",September,70.82753,2003-09-01
Mexico,2003,"Consumer Prices, Food Indices (2015 = 100)",September,51.134348,2003-09-01
United States of America,2003,"Consumer Prices, Food Indices (2015 = 100)",September,74.331008,2003-09-01
Canada,2003,"Consumer Prices, Food Indices (2015 = 100)",October,70.54422,2003-10-01
Mexico,2003,"Consumer Prices, Food Indices (2015 = 100)",October,51.513604,2003-10-01
United States of America,2003,"Consumer Prices, Food Indices (2015 = 100)",October,74.90882,2003-10-01
Canada,2003,"Consumer Prices, Food Indices (2015 = 100)",November,71.535805,2003-11-01
Mexico,2003,"Consumer Prices, Food Indices (2015 = 100)",November,52.035602,2003-11-01
United States of America,2003,"Consumer Prices, Food Indices (2015 = 100)",November,75.280268,2003-11-01
Canada,2003,"Consumer Prices, Food Indices (2015 = 100)",December,72.385736,2003-12-01
Mexico,2003,"Consumer Prices, Food Indices (2015 = 100)",December,52.780609,2003-12-01
United States of America,2003,"Consumer Prices, Food Indices (2015 = 100)",December,75.981892,2003-12-01
Canada,2004,"Consumer Prices, Food Indices (2015 = 100)",January,72.385736,2004-01-01
United States of America,2004,"Consumer Prices, Food Indices (2015 = 100)",January,75.940621,2004-01-01
Mexico,2004,"Consumer Prices, Food Indices (2015 = 100)",January,53.417596,2004-01-01
United States of America,2004,"Consumer Prices, Food Indices (2015 = 100)",February,75.940621,2004-02-01
Canada,2004,"Consumer Prices, Food Indices (2015 = 100)",February,72.173253,2004-02-01
Mexico,2004,"Consumer Prices, Food Indices (2015 = 100)",February,53.822167,2004-02-01
United States of America,2004,"Consumer Prices, Food Indices (2015 = 100)",March,76.064434,2004-03-01
Canada,2004,"Consumer Prices, Food Indices (2015 = 100)",March,72.314908,2004-03-01
Mexico,2004,"Consumer Prices, Food Indices (2015 = 100)",March,53.827956,2004-03-01
United States of America,2004,"Consumer Prices, Food Indices (2015 = 100)",April,75.981892,2004-04-01
Canada,2004,"Consumer Prices, Food Indices (2015 = 100)",April,72.031598,2004-04-01
Mexico,2004,"Consumer Prices, Food Indices (2015 = 100)",April,53.520306,2004-04-01
United States of America,2004,"Consumer Prices, Food Indices (2015 = 100)",May,77.013693,2004-05-01
Canada,2004,"Consumer Prices, Food Indices (2015 = 100)",May,72.810701,2004-05-01
Mexico,2004,"Consumer Prices, Food Indices (2015 = 100)",May,53.439539,2004-05-01
Canada,2004,"Consumer Prices, Food Indices (2015 = 100)",June,73.802286,2004-06-01
Mexico,2004,"Consumer Prices, Food Indices (2015 = 100)",June,53.199163,2004-06-01
United States of America,2004,"Consumer Prices, Food Indices (2015 = 100)",June,77.096245,2004-06-01
Mexico,2004,"Consumer Prices, Food Indices (2015 = 100)",July,53.417351,2004-07-01
United States of America,2004,"Consumer Prices, Food Indices (2015 = 100)",July,77.220057,2004-07-01
Canada,2004,"Consumer Prices, Food Indices (2015 = 100)",July,73.660631,2004-07-01
Mexico,2004,"Consumer Prices, Food Indices (2015 = 100)",August,54.439873,2004-08-01
United States of America,2004,"Consumer Prices, Food Indices (2015 = 100)",August,77.054974,2004-08-01
Canada,2004,"Consumer Prices, Food Indices (2015 = 100)",August,73.377321,2004-08-01
Mexico,2004,"Consumer Prices, Food Indices (2015 = 100)",September,55.505311,2004-09-01
United States of America,2004,"Consumer Prices, Food Indices (2015 = 100)",September,76.807339,2004-09-01
Canada,2004,"Consumer Prices, Food Indices (2015 = 100)",September,72.810701,2004-09-01
United States of America,2004,"Consumer Prices, Food Indices (2015 = 100)",October,77.550234,2004-10-01
Canada,2004,"Consumer Prices, Food Indices (2015 = 100)",October,73.235666,2004-10-01
Mexico,2004,"Consumer Prices, Food Indices (2015 = 100)",October,56.662604,2004-10-01
Canada,2004,"Consumer Prices, Food Indices (2015 = 100)",November,74.227252,2004-11-01
Mexico,2004,"Consumer Prices, Food Indices (2015 = 100)",November,57.285375,2004-11-01
United States of America,2004,"Consumer Prices, Food Indices (2015 = 100)",November,77.632776,2004-11-01
Canada,2004,"Consumer Prices, Food Indices (2015 = 100)",December,74.652217,2004-12-01
Mexico,2004,"Consumer Prices, Food Indices (2015 = 100)",December,57.218835,2004-12-01
United States of America,2004,"Consumer Prices, Food Indices (2015 = 100)",December,77.797869,2004-12-01
Canada,2005,"Consumer Prices, Food Indices (2015 = 100)",January,74.227252,2005-01-01
Mexico,2005,"Consumer Prices, Food Indices (2015 = 100)",January,56.226928,2005-01-01
United States of America,2005,"Consumer Prices, Food Indices (2015 = 100)",January,77.962952,2005-01-01
Canada,2005,"Consumer Prices, Food Indices (2015 = 100)",February,73.943941,2005-02-01
Mexico,2005,"Consumer Prices, Food Indices (2015 = 100)",February,56.52663,2005-02-01
United States of America,2005,"Consumer Prices, Food Indices (2015 = 100)",February,77.591505,2005-02-01
Mexico,2005,"Consumer Prices, Food Indices (2015 = 100)",March,57.093459,2005-03-01
United States of America,2005,"Consumer Prices, Food Indices (2015 = 100)",March,77.632776,2005-03-01
Canada,2005,"Consumer Prices, Food Indices (2015 = 100)",March,74.368907,2005-03-01
United States of America,2005,"Consumer Prices, Food Indices (2015 = 100)",April,78.3344,2005-04-01
Canada,2005,"Consumer Prices, Food Indices (2015 = 100)",April,75.218837,2005-04-01
Mexico,2005,"Consumer Prices, Food Indices (2015 = 100)",April,57.975175,2005-04-01
United States of America,2005,"Consumer Prices, Food Indices (2015 = 100)",May,78.540764,2005-05-01
Canada,2005,"Consumer Prices, Food Indices (2015 = 100)",May,75.360492,2005-05-01
Mexico,2005,"Consumer Prices, Food Indices (2015 = 100)",May,58.471123,2005-05-01
United States of America,2005,"Consumer Prices, Food Indices (2015 = 100)",June,78.169317,2005-06-01
Canada,2005,"Consumer Prices, Food Indices (2015 = 100)",June,75.572975,2005-06-01
Mexico,2005,"Consumer Prices, Food Indices (2015 = 100)",June,57.494167,2005-06-01
United States of America,2005,"Consumer Prices, Food Indices (2015 = 100)",July,78.3344,2005-07-01
Canada,2005,"Consumer Prices, Food Indices (2015 = 100)",July,75.289664,2005-07-01
Mexico,2005,"Consumer Prices, Food Indices (2015 = 100)",July,58.04147,2005-07-01
United States of America,2005,"Consumer Prices, Food Indices (2015 = 100)",August,78.210587,2005-08-01
Mexico,2005,"Consumer Prices, Food Indices (2015 = 100)",August,57.945751,2005-08-01
Canada,2005,"Consumer Prices, Food Indices (2015 = 100)",August,75.077182,2005-08-01
Mexico,2005,"Consumer Prices, Food Indices (2015 = 100)",September,57.984326,2005-09-01
United States of America,2005,"Consumer Prices, Food Indices (2015 = 100)",September,78.416942,2005-09-01
Canada,2005,"Consumer Prices, Food Indices (2015 = 100)",September,74.014769,2005-09-01
Mexico,2005,"Consumer Prices, Food Indices (2015 = 100)",October,57.655223,2005-10-01
United States of America,2005,"Consumer Prices, Food Indices (2015 = 100)",October,78.747119,2005-10-01
Canada,2005,"Consumer Prices, Food Indices (2015 = 100)",October,74.298079,2005-10-01
Mexico,2005,"Consumer Prices, Food Indices (2015 = 100)",November,57.301773,2005-11-01
United States of America,2005,"Consumer Prices, Food Indices (2015 = 100)",November,78.82966,2005-11-01
Canada,2005,"Consumer Prices, Food Indices (2015 = 100)",November,74.793872,2005-11-01
Mexico,2005,"Consumer Prices, Food Indices (2015 = 100)",December,58.229055,2005-12-01
United States of America,2005,"Consumer Prices, Food Indices (2015 = 100)",December,79.118566,2005-12-01
Canada,2005,"Consumer Prices, Food Indices (2015 = 100)",December,75.43132,2005-12-01
United States of America,2006,"Consumer Prices, Food Indices (2015 = 100)",January,79.8202,2006-01-01
Canada,2006,"Consumer Prices, Food Indices (2015 = 100)",January,76.352077,2006-01-01
Mexico,2006,"Consumer Prices, Food Indices (2015 = 100)",January,59.111973,2006-01-01
Canada,2006,"Consumer Prices, Food Indices (2015 = 100)",February,76.068767,2006-02-01
Mexico,2006,"Consumer Prices, Food Indices (2015 = 100)",February,59.146206,2006-02-01
United States of America,2006,"Consumer Prices, Food Indices (2015 = 100)",February,79.490024,2006-02-01
Canada,2006,"Consumer Prices, Food Indices (2015 = 100)",March,75.927112,2006-03-01
Mexico,2006,"Consumer Prices, Food Indices (2015 = 100)",March,58.521988,2006-03-01
United States of America,2006,"Consumer Prices, Food Indices (2015 = 100)",March,79.366201,2006-03-01
Canada,2006,"Consumer Prices, Food Indices (2015 = 100)",April,75.71463,2006-04-01
Mexico,2006,"Consumer Prices, Food Indices (2015 = 100)",April,58.342608,2006-04-01
United States of America,2006,"Consumer Prices, Food Indices (2015 = 100)",April,79.036024,2006-04-01
Mexico,2006,"Consumer Prices, Food Indices (2015 = 100)",May,58.549474,2006-05-01
United States of America,2006,"Consumer Prices, Food Indices (2015 = 100)",May,79.201118,2006-05-01
Canada,2006,"Consumer Prices, Food Indices (2015 = 100)",May,76.28125,2006-05-01
United States of America,2006,"Consumer Prices, Food Indices (2015 = 100)",June,79.32493,2006-06-01
Canada,2006,"Consumer Prices, Food Indices (2015 = 100)",June,76.635388,2006-06-01
Mexico,2006,"Consumer Prices, Food Indices (2015 = 100)",June,58.113075,2006-06-01
United States of America,2006,"Consumer Prices, Food Indices (2015 = 100)",July,79.490024,2006-07-01
Canada,2006,"Consumer Prices, Food Indices (2015 = 100)",July,76.84787,2006-07-01
Mexico,2006,"Consumer Prices, Food Indices (2015 = 100)",July,58.256297,2006-07-01
United States of America,2006,"Consumer Prices, Food Indices (2015 = 100)",August,79.696388,2006-08-01
Canada,2006,"Consumer Prices, Food Indices (2015 = 100)",August,76.777043,2006-08-01
Mexico,2006,"Consumer Prices, Food Indices (2015 = 100)",August,59.250363,2006-08-01
United States of America,2006,"Consumer Prices, Food Indices (2015 = 100)",September,80.109106,2006-09-01
Canada,2006,"Consumer Prices, Food Indices (2015 = 100)",September,76.352077,2006-09-01
Mexico,2006,"Consumer Prices, Food Indices (2015 = 100)",September,61.329394,2006-09-01
Canada,2006,"Consumer Prices, Food Indices (2015 = 100)",October,76.635388,2006-10-01
Mexico,2006,"Consumer Prices, Food Indices (2015 = 100)",October,61.956028,2006-10-01
United States of America,2006,"Consumer Prices, Food Indices (2015 = 100)",October,80.521825,2006-10-01
Mexico,2006,"Consumer Prices, Food Indices (2015 = 100)",November,61.335907,2006-11-01
United States of America,2006,"Consumer Prices, Food Indices (2015 = 100)",November,80.191648,2006-11-01
Canada,2006,"Consumer Prices, Food Indices (2015 = 100)",November,77.272835,2006-11-01
Mexico,2006,"Consumer Prices, Food Indices (2015 = 100)",December,62.30153,2006-12-01
United States of America,2006,"Consumer Prices, Food Indices (2015 = 100)",December,80.191648,2006-12-01
Canada,2006,"Consumer Prices, Food Indices (2015 = 100)",December,77.13118,2006-12-01
Mexico,2007,"Consumer Prices, Food Indices (2015 = 100)",January,62.841117,2007-01-01
United States of America,2007,"Consumer Prices, Food Indices (2015 = 100)",January,81.170203,2007-01-01
Canada,2007,"Consumer Prices, Food Indices (2015 = 100)",January,78.051938,2007-01-01
Mexico,2007,"Consumer Prices, Food Indices (2015 = 100)",February,62.826645,2007-02-01
United States of America,2007,"Consumer Prices, Food Indices (2015 = 100)",February,81.798366,2007-02-01
Canada,2007,"Consumer Prices, Food Indices (2015 = 100)",February,79.680971,2007-02-01
Mexico,2007,"Consumer Prices, Food Indices (2015 = 100)",March,62.870775,2007-03-01
Canada,2007,"Consumer Prices, Food Indices (2015 = 100)",March,79.256006,2007-03-01
United States of America,2007,"Consumer Prices, Food Indices (2015 = 100)",March,82.034856,2007-03-01
Canada,2007,"Consumer Prices, Food Indices (2015 = 100)",April,79.114351,2007-04-01
Mexico,2007,"Consumer Prices, Food Indices (2015 = 100)",April,63.041705,2007-04-01
United States of America,2007,"Consumer Prices, Food Indices (2015 = 100)",April,82.139688,2007-04-01
Canada,2007,"Consumer Prices, Food Indices (2015 = 100)",May,79.326834,2007-05-01
Mexico,2007,"Consumer Prices, Food Indices (2015 = 100)",May,62.356012,2007-05-01
United States of America,2007,"Consumer Prices, Food Indices (2015 = 100)",May,82.682009,2007-05-01
Canada,2007,"Consumer Prices, Food Indices (2015 = 100)",June,79.256006,2007-06-01
Mexico,2007,"Consumer Prices, Food Indices (2015 = 100)",June,62.140229,2007-06-01
United States of America,2007,"Consumer Prices, Food Indices (2015 = 100)",June,82.936234,2007-06-01
Canada,2007,"Consumer Prices, Food Indices (2015 = 100)",July,78.901869,2007-07-01
Mexico,2007,"Consumer Prices, Food Indices (2015 = 100)",July,62.833881,2007-07-01
United States of America,2007,"Consumer Prices, Food Indices (2015 = 100)",July,83.122373,2007-07-01
Mexico,2007,"Consumer Prices, Food Indices (2015 = 100)",August,63.503665,2007-08-01
United States of America,2007,"Consumer Prices, Food Indices (2015 = 100)",August,83.421594,2007-08-01
Canada,2007,"Consumer Prices, Food Indices (2015 = 100)",August,78.335248,2007-08-01
United States of America,2007,"Consumer Prices, Food Indices (2015 = 100)",September,83.861968,2007-09-01
Canada,2007,"Consumer Prices, Food Indices (2015 = 100)",September,77.343663,2007-09-01
Mexico,2007,"Consumer Prices, Food Indices (2015 = 100)",September,64.958478,2007-09-01
United States of America,2007,"Consumer Prices, Food Indices (2015 = 100)",October,84.332468,2007-10-01
Canada,2007,"Consumer Prices, Food Indices (2015 = 100)",October,77.13118,2007-10-01
Mexico,2007,"Consumer Prices, Food Indices (2015 = 100)",October,64.907368,2007-10-01
United States of America,2007,"Consumer Prices, Food Indices (2015 = 100)",November,84.502511,2007-11-01
Canada,2007,"Consumer Prices, Food Indices (2015 = 100)",November,77.768628,2007-11-01
Mexico,2007,"Consumer Prices, Food Indices (2015 = 100)",November,65.40621,2007-11-01
Canada,2007,"Consumer Prices, Food Indices (2015 = 100)",December,77.981111,2007-12-01
Mexico,2007,"Consumer Prices, Food Indices (2015 = 100)",December,65.948692,2007-12-01
United States of America,2007,"Consumer Prices, Food Indices (2015 = 100)",December,84.69361,2007-12-01
Mexico,2008,"Consumer Prices, Food Indices (2015 = 100)",January,66.29347,2008-01-01
United States of America,2008,"Consumer Prices, Food Indices (2015 = 100)",January,85.838899,2008-01-01
Canada,2008,"Consumer Prices, Food Indices (2015 = 100)",January,78.901869,2008-01-01
Mexico,2008,"Consumer Prices, Food Indices (2015 = 100)",February,65.925303,2008-02-01
United States of America,2008,"Consumer Prices, Food Indices (2015 = 100)",February,85.981701,2008-02-01
Canada,2008,"Consumer Prices, Food Indices (2015 = 100)",February,79.185179,2008-02-01
Mexico,2008,"Consumer Prices, Food Indices (2015 = 100)",March,66.860544,2008-03-01
United States of America,2008,"Consumer Prices, Food Indices (2015 = 100)",March,85.9297,2008-03-01
Canada,2008,"Consumer Prices, Food Indices (2015 = 100)",March,79.043524,2008-03-01
Mexico,2008,"Consumer Prices, Food Indices (2015 = 100)",April,67.780111,2008-04-01
United States of America,2008,"Consumer Prices, Food Indices (2015 = 100)",April,87.022583,2008-04-01
Canada,2008,"Consumer Prices, Food Indices (2015 = 100)",April,79.822626,2008-04-01
United States of America,2008,"Consumer Prices, Food Indices (2015 = 100)",May,87.440261,2008-05-01
Canada,2008,"Consumer Prices, Food Indices (2015 = 100)",May,80.814212,2008-05-01
Mexico,2008,"Consumer Prices, Food Indices (2015 = 100)",May,67.949127,2008-05-01
Canada,2008,"Consumer Prices, Food Indices (2015 = 100)",June,81.664142,2008-06-01
Mexico,2008,"Consumer Prices, Food Indices (2015 = 100)",June,68.177691,2008-06-01
United States of America,2008,"Consumer Prices, Food Indices (2015 = 100)",June,87.980102,2008-06-01
Canada,2008,"Consumer Prices, Food Indices (2015 = 100)",July,82.30159,2008-07-01
Mexico,2008,"Consumer Prices, Food Indices (2015 = 100)",July,68.827225,2008-07-01
United States of America,2008,"Consumer Prices, Food Indices (2015 = 100)",July,89.058954,2008-07-01
Canada,2008,"Consumer Prices, Food Indices (2015 = 100)",August,82.443245,2008-08-01
Mexico,2008,"Consumer Prices, Food Indices (2015 = 100)",August,69.338124,2008-08-01
United States of America,2008,"Consumer Prices, Food Indices (2015 = 100)",August,89.667297,2008-08-01
Canada,2008,"Consumer Prices, Food Indices (2015 = 100)",September,82.514073,2008-09-01
Mexico,2008,"Consumer Prices, Food Indices (2015 = 100)",September,69.882532,2008-09-01
United States of America,2008,"Consumer Prices, Food Indices (2015 = 100)",September,90.232728,2008-09-01
Canada,2008,"Consumer Prices, Food Indices (2015 = 100)",October,82.726555,2008-10-01
United States of America,2008,"Consumer Prices, Food Indices (2015 = 100)",October,90.658242,2008-10-01
Mexico,2008,"Consumer Prices, Food Indices (2015 = 100)",October,70.310248,2008-10-01
United States of America,2008,"Consumer Prices, Food Indices (2015 = 100)",November,90.421347,2008-11-01
Canada,2008,"Consumer Prices, Food Indices (2015 = 100)",November,84.780554,2008-11-01
Mexico,2008,"Consumer Prices, Food Indices (2015 = 100)",November,71.592438,2008-11-01
United States of America,2008,"Consumer Prices, Food Indices (2015 = 100)",December,90.255018,2008-12-01
Canada,2008,"Consumer Prices, Food Indices (2015 = 100)",December,84.993036,2008-12-01
Mexico,2008,"Consumer Prices, Food Indices (2015 = 100)",December,72.932963,2008-12-01
United States of America,2009,"Consumer Prices, Food Indices (2015 = 100)",January,90.692912,2009-01-01
Canada,2009,"Consumer Prices, Food Indices (2015 = 100)",January,85.701311,2009-01-01
Mexico,2009,"Consumer Prices, Food Indices (2015 = 100)",January,73.197943,2009-01-01
United States of America,2009,"Consumer Prices, Food Indices (2015 = 100)",February,90.133676,2009-02-01
Canada,2009,"Consumer Prices, Food Indices (2015 = 100)",February,86.267932,2009-02-01
Mexico,2009,"Consumer Prices, Food Indices (2015 = 100)",February,72.887643,2009-02-01
Canada,2009,"Consumer Prices, Food Indices (2015 = 100)",March,86.551242,2009-03-01
Mexico,2009,"Consumer Prices, Food Indices (2015 = 100)",March,73.75561,2009-03-01
United States of America,2009,"Consumer Prices, Food Indices (2015 = 100)",March,89.60581,2009-03-01
Mexico,2009,"Consumer Prices, Food Indices (2015 = 100)",April,74.900368,2009-04-01
United States of America,2009,"Consumer Prices, Food Indices (2015 = 100)",April,89.058124,2009-04-01
Canada,2009,"Consumer Prices, Food Indices (2015 = 100)",April,86.480414,2009-04-01
Mexico,2009,"Consumer Prices, Food Indices (2015 = 100)",May,75.039236,2009-05-01
United States of America,2009,"Consumer Prices, Food Indices (2015 = 100)",May,88.771283,2009-05-01
Canada,2009,"Consumer Prices, Food Indices (2015 = 100)",May,86.763724,2009-05-01
Mexico,2009,"Consumer Prices, Food Indices (2015 = 100)",June,75.049612,2009-06-01
United States of America,2009,"Consumer Prices, Food Indices (2015 = 100)",June,88.662321,2009-06-01
Canada,2009,"Consumer Prices, Food Indices (2015 = 100)",June,86.905379,2009-06-01
Mexico,2009,"Consumer Prices, Food Indices (2015 = 100)",July,75.197887,2009-07-01
Canada,2009,"Consumer Prices, Food Indices (2015 = 100)",July,86.905379,2009-07-01
United States of America,2009,"Consumer Prices, Food Indices (2015 = 100)",July,88.245897,2009-07-01
Canada,2009,"Consumer Prices, Food Indices (2015 = 100)",August,86.055449,2009-08-01
Mexico,2009,"Consumer Prices, Food Indices (2015 = 100)",August,75.377758,2009-08-01
United States of America,2009,"Consumer Prices, Food Indices (2015 = 100)",August,88.207512,2009-08-01
Canada,2009,"Consumer Prices, Food Indices (2015 = 100)",September,84.780554,2009-09-01
Mexico,2009,"Consumer Prices, Food Indices (2015 = 100)",September,76.327694,2009-09-01
United States of America,2009,"Consumer Prices, Food Indices (2015 = 100)",September,88.003213,2009-09-01
Canada,2009,"Consumer Prices, Food Indices (2015 = 100)",October,84.497243,2009-10-01
Mexico,2009,"Consumer Prices, Food Indices (2015 = 100)",October,75.793172,2009-10-01
United States of America,2009,"Consumer Prices, Food Indices (2015 = 100)",October,88.159226,2009-10-01
Canada,2009,"Consumer Prices, Food Indices (2015 = 100)",November,85.842966,2009-11-01
Mexico,2009,"Consumer Prices, Food Indices (2015 = 100)",November,75.524819,2009-11-01
United States of America,2009,"Consumer Prices, Food Indices (2015 = 100)",November,87.833584,2009-11-01
Mexico,2009,"Consumer Prices, Food Indices (2015 = 100)",December,75.647312,2009-12-01
United States of America,2009,"Consumer Prices, Food Indices (2015 = 100)",December,88.057694,2009-12-01
Canada,2009,"Consumer Prices, Food Indices (2015 = 100)",December,86.055449,2009-12-01
United States of America,2010,"Consumer Prices, Food Indices (2015 = 100)",January,88.901706,2010-01-01
Canada,2010,"Consumer Prices, Food Indices (2015 = 100)",January,86.480414,2010-01-01
Mexico,2010,"Consumer Prices, Food Indices (2015 = 100)",January,76.891162,2010-01-01
United States of America,2010,"Consumer Prices, Food Indices (2015 = 100)",February,88.783664,2010-02-01
Canada,2010,"Consumer Prices, Food Indices (2015 = 100)",February,86.763724,2010-02-01
Mexico,2010,"Consumer Prices, Food Indices (2015 = 100)",February,77.322017,2010-02-01
United States of America,2010,"Consumer Prices, Food Indices (2015 = 100)",March,88.992093,2010-03-01
Canada,2010,"Consumer Prices, Food Indices (2015 = 100)",March,87.18869,2010-03-01
Mexico,2010,"Consumer Prices, Food Indices (2015 = 100)",March,78.575507,2010-03-01
United States of America,2010,"Consumer Prices, Food Indices (2015 = 100)",April,89.039144,2010-04-01
Canada,2010,"Consumer Prices, Food Indices (2015 = 100)",April,86.834552,2010-04-01
Mexico,2010,"Consumer Prices, Food Indices (2015 = 100)",April,77.828808,2010-04-01
United States of America,2010,"Consumer Prices, Food Indices (2015 = 100)",May,89.062254,2010-05-01
Mexico,2010,"Consumer Prices, Food Indices (2015 = 100)",May,76.745535,2010-05-01
Canada,2010,"Consumer Prices, Food Indices (2015 = 100)",May,86.976207,2010-05-01
Mexico,2010,"Consumer Prices, Food Indices (2015 = 100)",June,75.900947,2010-06-01
United States of America,2010,"Consumer Prices, Food Indices (2015 = 100)",June,88.88396,2010-06-01
Canada,2010,"Consumer Prices, Food Indices (2015 = 100)",June,86.976207,2010-06-01
Mexico,2010,"Consumer Prices, Food Indices (2015 = 100)",July,75.926262,2010-07-01
United States of America,2010,"Consumer Prices, Food Indices (2015 = 100)",July,88.840625,2010-07-01
Canada,2010,"Consumer Prices, Food Indices (2015 = 100)",July,87.401172,2010-07-01
Mexico,2010,"Consumer Prices, Food Indices (2015 = 100)",August,76.384359,2010-08-01
United States of America,2010,"Consumer Prices, Food Indices (2015 = 100)",August,88.892626,2010-08-01
Canada,2010,"Consumer Prices, Food Indices (2015 = 100)",August,87.117862,2010-08-01
Mexico,2010,"Consumer Prices, Food Indices (2015 = 100)",September,77.075841,2010-09-01
United States of America,2010,"Consumer Prices, Food Indices (2015 = 100)",September,89.214137,2010-09-01
Canada,2010,"Consumer Prices, Food Indices (2015 = 100)",September,86.622069,2010-09-01
United States of America,2010,"Consumer Prices, Food Indices (2015 = 100)",October,89.435767,2010-10-01
Canada,2010,"Consumer Prices, Food Indices (2015 = 100)",October,86.267932,2010-10-01
Mexico,2010,"Consumer Prices, Food Indices (2015 = 100)",October,77.835075,2010-10-01
Canada,2010,"Consumer Prices, Food Indices (2015 = 100)",November,86.692897,2010-11-01
Mexico,2010,"Consumer Prices, Food Indices (2015 = 100)",November,78.569963,2010-11-01
United States of America,2010,"Consumer Prices, Food Indices (2015 = 100)",November,89.369726,2010-11-01
Canada,2010,"Consumer Prices, Food Indices (2015 = 100)",December,87.259517,2010-12-01
Mexico,2010,"Consumer Prices, Food Indices (2015 = 100)",December,79.357887,2010-12-01
United States of America,2010,"Consumer Prices, Food Indices (2015 = 100)",December,89.541834,2010-12-01
Canada,2011,"Consumer Prices, Food Indices (2015 = 100)",January,88.109447,2011-01-01
Mexico,2011,"Consumer Prices, Food Indices (2015 = 100)",January,79.577207,2011-01-01
United States of America,2011,"Consumer Prices, Food Indices (2015 = 100)",January,90.805175,2011-01-01
Mexico,2011,"Consumer Prices, Food Indices (2015 = 100)",February,79.903042,2011-02-01
United States of America,2011,"Consumer Prices, Food Indices (2015 = 100)",February,91.31075,2011-02-01
Canada,2011,"Consumer Prices, Food Indices (2015 = 100)",February,88.463585,2011-02-01
United States of America,2011,"Consumer Prices, Food Indices (2015 = 100)",March,92.214203,2011-03-01
Canada,2011,"Consumer Prices, Food Indices (2015 = 100)",March,90.375928,2011-03-01
Mexico,2011,"Consumer Prices, Food Indices (2015 = 100)",March,79.893903,2011-03-01
United States of America,2011,"Consumer Prices, Food Indices (2015 = 100)",April,92.545615,2011-04-01
Canada,2011,"Consumer Prices, Food Indices (2015 = 100)",April,90.021791,2011-04-01
Mexico,2011,"Consumer Prices, Food Indices (2015 = 100)",April,81.193052,2011-04-01
United States of America,2011,"Consumer Prices, Food Indices (2015 = 100)",May,93.0091,2011-05-01
Canada,2011,"Consumer Prices, Food Indices (2015 = 100)",May,90.659239,2011-05-01
Mexico,2011,"Consumer Prices, Food Indices (2015 = 100)",May,80.06307,2011-05-01
United States of America,2011,"Consumer Prices, Food Indices (2015 = 100)",June,93.104852,2011-06-01
Canada,2011,"Consumer Prices, Food Indices (2015 = 100)",June,91.155031,2011-06-01
Mexico,2011,"Consumer Prices, Food Indices (2015 = 100)",June,79.392096,2011-06-01
Canada,2011,"Consumer Prices, Food Indices (2015 = 100)",July,91.863307,2011-07-01
Mexico,2011,"Consumer Prices, Food Indices (2015 = 100)",July,80.548689,2011-07-01
United States of America,2011,"Consumer Prices, Food Indices (2015 = 100)",July,93.642628,2011-07-01
Mexico,2011,"Consumer Prices, Food Indices (2015 = 100)",August,80.621239,2011-08-01
United States of America,2011,"Consumer Prices, Food Indices (2015 = 100)",August,94.246435,2011-08-01
Canada,2011,"Consumer Prices, Food Indices (2015 = 100)",August,91.509169,2011-08-01
Mexico,2011,"Consumer Prices, Food Indices (2015 = 100)",September,80.665241,2011-09-01
United States of America,2011,"Consumer Prices, Food Indices (2015 = 100)",September,94.818062,2011-09-01
Canada,2011,"Consumer Prices, Food Indices (2015 = 100)",September,90.800894,2011-09-01
Mexico,2011,"Consumer Prices, Food Indices (2015 = 100)",October,81.147988,2011-10-01
United States of America,2011,"Consumer Prices, Food Indices (2015 = 100)",October,95.006671,2011-10-01
Canada,2011,"Consumer Prices, Food Indices (2015 = 100)",October,90.517583,2011-10-01
Mexico,2011,"Consumer Prices, Food Indices (2015 = 100)",November,81.919921,2011-11-01
Canada,2011,"Consumer Prices, Food Indices (2015 = 100)",November,91.650824,2011-11-01
United States of America,2011,"Consumer Prices, Food Indices (2015 = 100)",November,94.669894,2011-11-01
Canada,2011,"Consumer Prices, Food Indices (2015 = 100)",December,91.650824,2011-12-01
Mexico,2011,"Consumer Prices, Food Indices (2015 = 100)",December,83.964883,2011-12-01
United States of America,2011,"Consumer Prices, Food Indices (2015 = 100)",December,94.918349,2011-12-01
Canada,2012,"Consumer Prices, Food Indices (2015 = 100)",January,92.429927,2012-01-01
Mexico,2012,"Consumer Prices, Food Indices (2015 = 100)",January,85.911652,2012-01-01
United States of America,2012,"Consumer Prices, Food Indices (2015 = 100)",January,95.624923,2012-01-01
Canada,2012,"Consumer Prices, Food Indices (2015 = 100)",February,92.642409,2012-02-01
Mexico,2012,"Consumer Prices, Food Indices (2015 = 100)",February,85.548048,2012-02-01
United States of America,2012,"Consumer Prices, Food Indices (2015 = 100)",February,95.412789,2012-02-01
Canada,2012,"Consumer Prices, Food Indices (2015 = 100)",March,92.146617,2012-03-01
Mexico,2012,"Consumer Prices, Food Indices (2015 = 100)",March,85.040102,2012-03-01
United States of America,2012,"Consumer Prices, Food Indices (2015 = 100)",March,95.496566,2012-03-01
Mexico,2012,"Consumer Prices, Food Indices (2015 = 100)",April,84.737272,2012-04-01
United States of America,2012,"Consumer Prices, Food Indices (2015 = 100)",April,95.631939,2012-04-01
Canada,2012,"Consumer Prices, Food Indices (2015 = 100)",April,92.146617,2012-04-01
United States of America,2012,"Consumer Prices, Food Indices (2015 = 100)",May,95.552282,2012-05-01
Canada,2012,"Consumer Prices, Food Indices (2015 = 100)",May,92.925719,2012-05-01
Mexico,2012,"Consumer Prices, Food Indices (2015 = 100)",May,85.121698,2012-05-01
United States of America,2012,"Consumer Prices, Food Indices (2015 = 100)",June,95.551047,2012-06-01
Canada,2012,"Consumer Prices, Food Indices (2015 = 100)",June,92.784064,2012-06-01
Mexico,2012,"Consumer Prices, Food Indices (2015 = 100)",June,86.341177,2012-06-01
United States of America,2012,"Consumer Prices, Food Indices (2015 = 100)",July,95.46479,2012-07-01
Canada,2012,"Consumer Prices, Food Indices (2015 = 100)",July,93.633995,2012-07-01
Mexico,2012,"Consumer Prices, Food Indices (2015 = 100)",July,87.697248,2012-07-01
United States of America,2012,"Consumer Prices, Food Indices (2015 = 100)",August,95.630703,2012-08-01
Mexico,2012,"Consumer Prices, Food Indices (2015 = 100)",August,87.998865,2012-08-01
Canada,2012,"Consumer Prices, Food Indices (2015 = 100)",August,93.563167,2012-08-01
Mexico,2012,"Consumer Prices, Food Indices (2015 = 100)",September,89.565876,2012-09-01
United States of America,2012,"Consumer Prices, Food Indices (2015 = 100)",September,95.592318,2012-09-01
Canada,2012,"Consumer Prices, Food Indices (2015 = 100)",September,92.075789,2012-09-01
Mexico,2012,"Consumer Prices, Food Indices (2015 = 100)",October,89.715832,2012-10-01
United States of America,2012,"Consumer Prices, Food Indices (2015 = 100)",October,95.93942,2012-10-01
Canada,2012,"Consumer Prices, Food Indices (2015 = 100)",October,92.217444,2012-10-01
Mexico,2012,"Consumer Prices, Food Indices (2015 = 100)",November,89.675379,2012-11-01
United States of America,2012,"Consumer Prices, Food Indices (2015 = 100)",November,95.872973,2012-11-01
Canada,2012,"Consumer Prices, Food Indices (2015 = 100)",November,92.996547,2012-11-01
Mexico,2012,"Consumer Prices, Food Indices (2015 = 100)",December,90.234738,2012-12-01
United States of America,2012,"Consumer Prices, Food Indices (2015 = 100)",December,96.123078,2012-12-01
Canada,2012,"Consumer Prices, Food Indices (2015 = 100)",December,92.784064,2012-12-01
United States of America,2013,"Consumer Prices, Food Indices (2015 = 100)",January,96.675676,2013-01-01
Canada,2013,"Consumer Prices, Food Indices (2015 = 100)",January,92.996547,2013-01-01
Mexico,2013,"Consumer Prices, Food Indices (2015 = 100)",January,90.360674,2013-01-01
Canada,2013,"Consumer Prices, Food Indices (2015 = 100)",February,94.271443,2013-02-01
Mexico,2013,"Consumer Prices, Food Indices (2015 = 100)",February,90.396389,2013-02-01
United States of America,2013,"Consumer Prices, Food Indices (2015 = 100)",February,96.590278,2013-02-01
Canada,2013,"Consumer Prices, Food Indices (2015 = 100)",March,93.704822,2013-03-01
Mexico,2013,"Consumer Prices, Food Indices (2015 = 100)",March,92.325744,2013-03-01
United States of America,2013,"Consumer Prices, Food Indices (2015 = 100)",March,96.484616,2013-03-01
Canada,2013,"Consumer Prices, Food Indices (2015 = 100)",April,93.704822,2013-04-01
Mexico,2013,"Consumer Prices, Food Indices (2015 = 100)",April,92.983938,2013-04-01
United States of America,2013,"Consumer Prices, Food Indices (2015 = 100)",April,96.610542,2013-04-01
Canada,2013,"Consumer Prices, Food Indices (2015 = 100)",May,94.129787,2013-05-01
Mexico,2013,"Consumer Prices, Food Indices (2015 = 100)",May,92.575399,2013-05-01
United States of America,2013,"Consumer Prices, Food Indices (2015 = 100)",May,96.288577,2013-05-01
Canada,2013,"Consumer Prices, Food Indices (2015 = 100)",June,93.988132,2013-06-01
United States of America,2013,"Consumer Prices, Food Indices (2015 = 100)",June,96.369884,2013-06-01
Mexico,2013,"Consumer Prices, Food Indices (2015 = 100)",June,91.242239,2013-06-01
United States of America,2013,"Consumer Prices, Food Indices (2015 = 100)",July,96.407854,2013-07-01
Canada,2013,"Consumer Prices, Food Indices (2015 = 100)",July,94.05896,2013-07-01
Mexico,2013,"Consumer Prices, Food Indices (2015 = 100)",July,90.637745,2013-07-01
United States of America,2013,"Consumer Prices, Food Indices (2015 = 100)",August,96.576286,2013-08-01
Canada,2013,"Consumer Prices, Food Indices (2015 = 100)",August,94.200615,2013-08-01
Mexico,2013,"Consumer Prices, Food Indices (2015 = 100)",August,91.302919,2013-08-01
United States of America,2013,"Consumer Prices, Food Indices (2015 = 100)",September,96.595199,2013-09-01
Canada,2013,"Consumer Prices, Food Indices (2015 = 100)",September,93.067375,2013-09-01
Mexico,2013,"Consumer Prices, Food Indices (2015 = 100)",September,91.715298,2013-09-01
United States of America,2013,"Consumer Prices, Food Indices (2015 = 100)",October,96.749205,2013-10-01
Canada,2013,"Consumer Prices, Food Indices (2015 = 100)",October,92.854892,2013-10-01
Mexico,2013,"Consumer Prices, Food Indices (2015 = 100)",October,91.59521,2013-10-01
Canada,2013,"Consumer Prices, Food Indices (2015 = 100)",November,93.988132,2013-11-01
Mexico,2013,"Consumer Prices, Food Indices (2015 = 100)",November,92.846085,2013-11-01
United States of America,2013,"Consumer Prices, Food Indices (2015 = 100)",November,96.427665,2013-11-01
Mexico,2013,"Consumer Prices, Food Indices (2015 = 100)",December,93.789847,2013-12-01
United States of America,2013,"Consumer Prices, Food Indices (2015 = 100)",December,96.494941,2013-12-01
Canada,2013,"Consumer Prices, Food Indices (2015 = 100)",December,93.49234,2013-12-01
Mexico,2014,"Consumer Prices, Food Indices (2015 = 100)",January,94.781159,2014-01-01
United States of America,2014,"Consumer Prices, Food Indices (2015 = 100)",January,97.144352,2014-01-01
Canada,2014,"Consumer Prices, Food Indices (2015 = 100)",January,93.917305,2014-01-01
Mexico,2014,"Consumer Prices, Food Indices (2015 = 100)",February,94.53538,2014-02-01
United States of America,2014,"Consumer Prices, Food Indices (2015 = 100)",February,97.455066,2014-02-01
Canada,2014,"Consumer Prices, Food Indices (2015 = 100)",February,95.1922,2014-02-01
United States of America,2014,"Consumer Prices, Food Indices (2015 = 100)",March,97.818852,2014-03-01
Canada,2014,"Consumer Prices, Food Indices (2015 = 100)",March,95.333856,2014-03-01
Mexico,2014,"Consumer Prices, Food Indices (2015 = 100)",March,94.862358,2014-03-01
Canada,2014,"Consumer Prices, Food Indices (2015 = 100)",April,95.333856,2014-04-01
Mexico,2014,"Consumer Prices, Food Indices (2015 = 100)",April,94.594531,2014-04-01
United States of America,2014,"Consumer Prices, Food Indices (2015 = 100)",April,98.284922,2014-04-01
Canada,2014,"Consumer Prices, Food Indices (2015 = 100)",May,96.467096,2014-05-01
Mexico,2014,"Consumer Prices, Food Indices (2015 = 100)",May,95.08916,2014-05-01
United States of America,2014,"Consumer Prices, Food Indices (2015 = 100)",May,98.870646,2014-05-01
Canada,2014,"Consumer Prices, Food Indices (2015 = 100)",June,97.033716,2014-06-01
Mexico,2014,"Consumer Prices, Food Indices (2015 = 100)",June,95.017602,2014-06-01
United States of America,2014,"Consumer Prices, Food Indices (2015 = 100)",June,98.716255,2014-06-01
Canada,2014,"Consumer Prices, Food Indices (2015 = 100)",July,97.033716,2014-07-01
Mexico,2014,"Consumer Prices, Food Indices (2015 = 100)",July,95.441396,2014-07-01
United States of America,2014,"Consumer Prices, Food Indices (2015 = 100)",July,98.99223,2014-07-01
Mexico,2014,"Consumer Prices, Food Indices (2015 = 100)",August,96.397542,2014-08-01
United States of America,2014,"Consumer Prices, Food Indices (2015 = 100)",August,99.377245,2014-08-01
Canada,2014,"Consumer Prices, Food Indices (2015 = 100)",August,96.325441,2014-08-01
United States of America,2014,"Consumer Prices, Food Indices (2015 = 100)",September,99.734276,2014-09-01
Canada,2014,"Consumer Prices, Food Indices (2015 = 100)",September,95.829648,2014-09-01
Mexico,2014,"Consumer Prices, Food Indices (2015 = 100)",September,97.355683,2014-09-01
United States of America,2014,"Consumer Prices, Food Indices (2015 = 100)",October,99.957179,2014-10-01
Canada,2014,"Consumer Prices, Food Indices (2015 = 100)",October,95.687993,2014-10-01
Mexico,2014,"Consumer Prices, Food Indices (2015 = 100)",October,97.550831,2014-10-01
United States of America,2014,"Consumer Prices, Food Indices (2015 = 100)",November,99.721732,2014-11-01
Canada,2014,"Consumer Prices, Food Indices (2015 = 100)",November,97.104544,2014-11-01
Mexico,2014,"Consumer Prices, Food Indices (2015 = 100)",November,98.358503,2014-11-01
United States of America,2014,"Consumer Prices, Food Indices (2015 = 100)",December,100.084553,2014-12-01
Canada,2014,"Consumer Prices, Food Indices (2015 = 100)",December,97.458681,2014-12-01
Mexico,2014,"Consumer Prices, Food Indices (2015 = 100)",December,100.01821,2014-12-01
United States of America,2015,"Consumer Prices, Food Indices (2015 = 100)",January,100.370178,2015-01-01
Mexico,2015,"Consumer Prices, Food Indices (2015 = 100)",January,99.888049,2015-01-01
Canada,2015,"Consumer Prices, Food Indices (2015 = 100)",January,98.94606,2015-01-01
Mexico,2015,"Consumer Prices, Food Indices (2015 = 100)",February,99.399933,2015-02-01
United States of America,2015,"Consumer Prices, Food Indices (2015 = 100)",February,100.277543,2015-02-01
Canada,2015,"Consumer Prices, Food Indices (2015 = 100)",February,99.300197,2015-02-01
Mexico,2015,"Consumer Prices, Food Indices (2015 = 100)",March,99.663056,2015-03-01
United States of America,2015,"Consumer Prices, Food Indices (2015 = 100)",March,99.728486,2015-03-01
Canada,2015,"Consumer Prices, Food Indices (2015 = 100)",March,99.300197,2015-03-01
Mexico,2015,"Consumer Prices, Food Indices (2015 = 100)",April,99.925456,2015-04-01
United States of America,2015,"Consumer Prices, Food Indices (2015 = 100)",April,99.607868,2015-04-01
Canada,2015,"Consumer Prices, Food Indices (2015 = 100)",April,99.158542,2015-04-01
Mexico,2015,"Consumer Prices, Food Indices (2015 = 100)",May,99.313458,2015-05-01
United States of America,2015,"Consumer Prices, Food Indices (2015 = 100)",May,99.489179,2015-05-01
Canada,2015,"Consumer Prices, Food Indices (2015 = 100)",May,100.433438,2015-05-01
United States of America,2015,"Consumer Prices, Food Indices (2015 = 100)",June,99.687959,2015-06-01
Canada,2015,"Consumer Prices, Food Indices (2015 = 100)",June,100.504265,2015-06-01
Mexico,2015,"Consumer Prices, Food Indices (2015 = 100)",June,99.279867,2015-06-01
Canada,2015,"Consumer Prices, Food Indices (2015 = 100)",July,100.433438,2015-07-01
Mexico,2015,"Consumer Prices, Food Indices (2015 = 100)",July,99.369201,2015-07-01
United States of America,2015,"Consumer Prices, Food Indices (2015 = 100)",July,99.891563,2015-07-01
Canada,2015,"Consumer Prices, Food Indices (2015 = 100)",August,100.150128,2015-08-01
Mexico,2015,"Consumer Prices, Food Indices (2015 = 100)",August,99.59647,2015-08-01
United States of America,2015,"Consumer Prices, Food Indices (2015 = 100)",August,100.211926,2015-08-01
Canada,2015,"Consumer Prices, Food Indices (2015 = 100)",September,99.583507,2015-09-01
Mexico,2015,"Consumer Prices, Food Indices (2015 = 100)",September,100.192851,2015-09-01
United States of America,2015,"Consumer Prices, Food Indices (2015 = 100)",September,100.494656,2015-09-01
Canada,2015,"Consumer Prices, Food Indices (2015 = 100)",October,100.0793,2015-10-01
United States of America,2015,"Consumer Prices, Food Indices (2015 = 100)",October,100.631679,2015-10-01
Mexico,2015,"Consumer Prices, Food Indices (2015 = 100)",October,100.457772,2015-10-01
United States of America,2015,"Consumer Prices, Food Indices (2015 = 100)",November,99.989988,2015-11-01
Canada,2015,"Consumer Prices, Food Indices (2015 = 100)",November,100.716748,2015-11-01
Mexico,2015,"Consumer Prices, Food Indices (2015 = 100)",November,100.815937,2015-11-01
United States of America,2015,"Consumer Prices, Food Indices (2015 = 100)",December,99.627167,2015-12-01
Canada,2015,"Consumer Prices, Food Indices (2015 = 100)",December,101.425023,2015-12-01
Mexico,2015,"Consumer Prices, Food Indices (2015 = 100)",December,102.13522,2015-12-01
United States of America,2016,"Consumer Prices, Food Indices (2015 = 100)",January,99.908932,2016-01-01
Canada,2016,"Consumer Prices, Food Indices (2015 = 100)",January,103.479021,2016-01-01
Mexico,2016,"Consumer Prices, Food Indices (2015 = 100)",January,103.662677,2016-01-01
United States of America,2016,"Consumer Prices, Food Indices (2015 = 100)",February,99.927266,2016-02-01
Canada,2016,"Consumer Prices, Food Indices (2015 = 100)",February,103.691504,2016-02-01
Mexico,2016,"Consumer Prices, Food Indices (2015 = 100)",February,104.713514,2016-02-01
Canada,2016,"Consumer Prices, Food Indices (2015 = 100)",March,103.266539,2016-03-01
Mexico,2016,"Consumer Prices, Food Indices (2015 = 100)",March,104.433174,2016-03-01
United States of America,2016,"Consumer Prices, Food Indices (2015 = 100)",March,99.204519,2016-03-01
Mexico,2016,"Consumer Prices, Food Indices (2015 = 100)",April,104.005704,2016-04-01
United States of America,2016,"Consumer Prices, Food Indices (2015 = 100)",April,99.325138,2016-04-01
Canada,2016,"Consumer Prices, Food Indices (2015 = 100)",April,102.416609,2016-04-01
Mexico,2016,"Consumer Prices, Food Indices (2015 = 100)",May,103.897077,2016-05-01
United States of America,2016,"Consumer Prices, Food Indices (2015 = 100)",May,98.79538,2016-05-01
Canada,2016,"Consumer Prices, Food Indices (2015 = 100)",May,101.849988,2016-05-01
Mexico,2016,"Consumer Prices, Food Indices (2015 = 100)",June,103.401339,2016-06-01
United States of America,2016,"Consumer Prices, Food Indices (2015 = 100)",June,98.406506,2016-06-01
Canada,2016,"Consumer Prices, Food Indices (2015 = 100)",June,101.354196,2016-06-01
Mexico,2016,"Consumer Prices, Food Indices (2015 = 100)",July,103.003689,2016-07-01
United States of America,2016,"Consumer Prices, Food Indices (2015 = 100)",July,98.313871,2016-07-01
Canada,2016,"Consumer Prices, Food Indices (2015 = 100)",July,101.566678,2016-07-01
Mexico,2016,"Consumer Prices, Food Indices (2015 = 100)",August,103.313044,2016-08-01
Canada,2016,"Consumer Prices, Food Indices (2015 = 100)",August,100.575093,2016-08-01
United States of America,2016,"Consumer Prices, Food Indices (2015 = 100)",August,98.271413,2016-08-01
Canada,2016,"Consumer Prices, Food Indices (2015 = 100)",September,98.662749,2016-09-01
Mexico,2016,"Consumer Prices, Food Indices (2015 = 100)",September,105.142303,2016-09-01
United States of America,2016,"Consumer Prices, Food Indices (2015 = 100)",September,98.284922,2016-09-01
Canada,2016,"Consumer Prices, Food Indices (2015 = 100)",October,98.025302,2016-10-01
Mexico,2016,"Consumer Prices, Food Indices (2015 = 100)",October,105.416235,2016-10-01
United States of America,2016,"Consumer Prices, Food Indices (2015 = 100)",October,98.294572,2016-10-01
Canada,2016,"Consumer Prices, Food Indices (2015 = 100)",November,98.733577,2016-11-01
Mexico,2016,"Consumer Prices, Food Indices (2015 = 100)",November,105.928231,2016-11-01
United States of America,2016,"Consumer Prices, Food Indices (2015 = 100)",November,97.784113,2016-11-01
Canada,2016,"Consumer Prices, Food Indices (2015 = 100)",December,98.591922,2016-12-01
Mexico,2016,"Consumer Prices, Food Indices (2015 = 100)",December,106.75788,2016-12-01
United States of America,2016,"Consumer Prices, Food Indices (2015 = 100)",December,97.587264,2016-12-01
Mexico,2017,"Consumer Prices, Food Indices (2015 = 100)",January,107.022696,2017-01-01
United States of America,2017,"Consumer Prices, Food Indices (2015 = 100)",January,97.970349,2017-01-01
Canada,2017,"Consumer Prices, Food Indices (2015 = 100)",January,99.371025,2017-01-01
United States of America,2017,"Consumer Prices, Food Indices (2015 = 100)",February,98.198077,2017-02-01
Canada,2017,"Consumer Prices, Food Indices (2015 = 100)",February,99.441852,2017-02-01
Mexico,2017,"Consumer Prices, Food Indices (2015 = 100)",February,107.221649,2017-02-01
United States of America,2017,"Consumer Prices, Food Indices (2015 = 100)",March,98.336064,2017-03-01
Canada,2017,"Consumer Prices, Food Indices (2015 = 100)",March,99.583507,2017-03-01
Mexico,2017,"Consumer Prices, Food Indices (2015 = 100)",March,108.851197,2017-03-01
United States of America,2017,"Consumer Prices, Food Indices (2015 = 100)",April,98.565722,2017-04-01
Canada,2017,"Consumer Prices, Food Indices (2015 = 100)",April,99.79599,2017-04-01
Mexico,2017,"Consumer Prices, Food Indices (2015 = 100)",April,110.246018,2017-04-01
Canada,2017,"Consumer Prices, Food Indices (2015 = 100)",May,100.64592,2017-05-01
Mexico,2017,"Consumer Prices, Food Indices (2015 = 100)",May,111.176579,2017-05-01
United States of America,2017,"Consumer Prices, Food Indices (2015 = 100)",May,98.628444,2017-05-01
Mexico,2017,"Consumer Prices, Food Indices (2015 = 100)",June,111.627907,2017-06-01
United States of America,2017,"Consumer Prices, Food Indices (2015 = 100)",June,98.354399,2017-06-01
Canada,2017,"Consumer Prices, Food Indices (2015 = 100)",June,101.000058,2017-06-01
Mexico,2017,"Consumer Prices, Food Indices (2015 = 100)",July,113.041589,2017-07-01
United States of America,2017,"Consumer Prices, Food Indices (2015 = 100)",July,98.625549,2017-07-01
Canada,2017,"Consumer Prices, Food Indices (2015 = 100)",July,101.425023,2017-07-01
Mexico,2017,"Consumer Prices, Food Indices (2015 = 100)",August,114.236126,2017-08-01
United States of America,2017,"Consumer Prices, Food Indices (2015 = 100)",August,98.588881,2017-08-01
Canada,2017,"Consumer Prices, Food Indices (2015 = 100)",August,100.858403,2017-08-01
Mexico,2017,"Consumer Prices, Food Indices (2015 = 100)",September,114.300425,2017-09-01
United States of America,2017,"Consumer Prices, Food Indices (2015 = 100)",September,98.702745,2017-09-01
Canada,2017,"Consumer Prices, Food Indices (2015 = 100)",September,99.51268,2017-09-01
United States of America,2017,"Consumer Prices, Food Indices (2015 = 100)",October,98.877401,2017-10-01
Canada,2017,"Consumer Prices, Food Indices (2015 = 100)",October,98.591922,2017-10-01
Mexico,2017,"Consumer Prices, Food Indices (2015 = 100)",October,113.388608,2017-10-01
Canada,2017,"Consumer Prices, Food Indices (2015 = 100)",November,99.654335,2017-11-01
Mexico,2017,"Consumer Prices, Food Indices (2015 = 100)",November,114.28105,2017-11-01
United States of America,2017,"Consumer Prices, Food Indices (2015 = 100)",November,98.395891,2017-11-01
Canada,2017,"Consumer Prices, Food Indices (2015 = 100)",December,100.0793,2017-12-01
Mexico,2017,"Consumer Prices, Food Indices (2015 = 100)",December,115.612168,2017-12-01
United States of America,2017,"Consumer Prices, Food Indices (2015 = 100)",December,98.466333,2017-12-01
Canada,2018,"Consumer Prices, Food Indices (2015 = 100)",January,101.000058,2018-01-01
Mexico,2018,"Consumer Prices, Food Indices (2015 = 100)",January,116.220349,2018-01-01
United States of America,2018,"Consumer Prices, Food Indices (2015 = 100)",January,98.998985,2018-01-01
Canada,2018,"Consumer Prices, Food Indices (2015 = 100)",February,100.787575,2018-02-01
Mexico,2018,"Consumer Prices, Food Indices (2015 = 100)",February,115.513893,2018-02-01
United States of America,2018,"Consumer Prices, Food Indices (2015 = 100)",February,98.725904,2018-02-01
Canada,2018,"Consumer Prices, Food Indices (2015 = 100)",March,100.0793,2018-03-01
United States of America,2018,"Consumer Prices, Food Indices (2015 = 100)",March,98.714325,2018-03-01
Mexico,2018,"Consumer Prices, Food Indices (2015 = 100)",March,115.883368,2018-03-01
United States of America,2018,"Consumer Prices, Food Indices (2015 = 100)",April,99.113814,2018-04-01
Canada,2018,"Consumer Prices, Food Indices (2015 = 100)",April,100.504265,2018-04-01
Mexico,2018,"Consumer Prices, Food Indices (2015 = 100)",April,115.790054,2018-04-01
United States of America,2018,"Consumer Prices, Food Indices (2015 = 100)",May,98.771257,2018-05-01
Canada,2018,"Consumer Prices, Food Indices (2015 = 100)",May,100.150128,2018-05-01
Mexico,2018,"Consumer Prices, Food Indices (2015 = 100)",May,115.343372,2018-05-01
United States of America,2018,"Consumer Prices, Food Indices (2015 = 100)",June,98.718184,2018-06-01
Canada,2018,"Consumer Prices, Food Indices (2015 = 100)",June,101.070885,2018-06-01
Mexico,2018,"Consumer Prices, Food Indices (2015 = 100)",June,115.247502,2018-06-01
United States of America,2018,"Consumer Prices, Food Indices (2015 = 100)",July,98.98837,2018-07-01
Canada,2018,"Consumer Prices, Food Indices (2015 = 100)",July,101.495851,2018-07-01
Mexico,2018,"Consumer Prices, Food Indices (2015 = 100)",July,116.496346,2018-07-01
Canada,2018,"Consumer Prices, Food Indices (2015 = 100)",August,101.141713,2018-08-01
Mexico,2018,"Consumer Prices, Food Indices (2015 = 100)",August,117.648819,2018-08-01
United States of America,2018,"Consumer Prices, Food Indices (2015 = 100)",August,99.074251,2018-08-01
Mexico,2018,"Consumer Prices, Food Indices (2015 = 100)",September,117.852021,2018-09-01
United States of America,2018,"Consumer Prices, Food Indices (2015 = 100)",September,99.122498,2018-09-01
Canada,2018,"Consumer Prices, Food Indices (2015 = 100)",September,100.150128,2018-09-01
Mexico,2018,"Consumer Prices, Food Indices (2015 = 100)",October,117.738924,2018-10-01
United States of America,2018,"Consumer Prices, Food Indices (2015 = 100)",October,99.022144,2018-10-01
Canada,2018,"Consumer Prices, Food Indices (2015 = 100)",October,99.654335,2018-10-01
Mexico,2018,"Consumer Prices, Food Indices (2015 = 100)",November,119.648857,2018-11-01
United States of America,2018,"Consumer Prices, Food Indices (2015 = 100)",November,98.790556,2018-11-01
Canada,2018,"Consumer Prices, Food Indices (2015 = 100)",November,101.070885,2018-11-01
United States of America,2018,"Consumer Prices, Food Indices (2015 = 100)",December,99.053022,2018-12-01
Canada,2018,"Consumer Prices, Food Indices (2015 = 100)",December,102.558264,2018-12-01
Mexico,2018,"Consumer Prices, Food Indices (2015 = 100)",December,121.933798,2018-12-01
Canada,2019,"Consumer Prices, Food Indices (2015 = 100)",January,103.479021,2019-01-01
Mexico,2019,"Consumer Prices, Food Indices (2015 = 100)",January,122.39354,2019-01-01
United States of America,2019,"Consumer Prices, Food Indices (2015 = 100)",January,99.644536,2019-01-01
Canada,2019,"Consumer Prices, Food Indices (2015 = 100)",February,104.187297,2019-02-01
Mexico,2019,"Consumer Prices, Food Indices (2015 = 100)",February,120.61176,2019-02-01
United States of America,2019,"Consumer Prices, Food Indices (2015 = 100)",February,99.924371,2019-02-01
Canada,2019,"Consumer Prices, Food Indices (2015 = 100)",March,104.116469,2019-03-01
Mexico,2019,"Consumer Prices, Food Indices (2015 = 100)",March,120.563674,2019-03-01
United States of America,2019,"Consumer Prices, Food Indices (2015 = 100)",March,100.12894,2019-03-01
Canada,2019,"Consumer Prices, Food Indices (2015 = 100)",April,103.479021,2019-04-01
Mexico,2019,"Consumer Prices, Food Indices (2015 = 100)",April,121.12846,2019-04-01
United States of America,2019,"Consumer Prices, Food Indices (2015 = 100)",April,99.839456,2019-04-01
Mexico,2019,"Consumer Prices, Food Indices (2015 = 100)",May,121.49413,2019-05-01
United States of America,2019,"Consumer Prices, Food Indices (2015 = 100)",May,99.960074,2019-05-01
Canada,2019,"Consumer Prices, Food Indices (2015 = 100)",May,104.187297,2019-05-01
United States of America,2019,"Consumer Prices, Food Indices (2015 = 100)",June,99.646466,2019-06-01
Canada,2019,"Consumer Prices, Food Indices (2015 = 100)",June,105.037227,2019-06-01
Mexico,2019,"Consumer Prices, Food Indices (2015 = 100)",June,121.698732,2019-06-01
United States of America,2019,"Consumer Prices, Food Indices (2015 = 100)",July,99.631027,2019-07-01
Canada,2019,"Consumer Prices, Food Indices (2015 = 100)",July,105.745502,2019-07-01
Mexico,2019,"Consumer Prices, Food Indices (2015 = 100)",July,122.833675,2019-07-01
United States of America,2019,"Consumer Prices, Food Indices (2015 = 100)",August,99.545146,2019-08-01
Canada,2019,"Consumer Prices, Food Indices (2015 = 100)",August,105.108055,2019-08-01
Mexico,2019,"Consumer Prices, Food Indices (2015 = 100)",August,122.19419,2019-08-01
United States of America,2019,"Consumer Prices, Food Indices (2015 = 100)",September,99.705328,2019-09-01
Canada,2019,"Consumer Prices, Food Indices (2015 = 100)",September,104.258124,2019-09-01
Mexico,2019,"Consumer Prices, Food Indices (2015 = 100)",September,122.449097,2019-09-01
United States of America,2019,"Consumer Prices, Food Indices (2015 = 100)",October,100.036305,2019-10-01
Mexico,2019,"Consumer Prices, Food Indices (2015 = 100)",October,122.752791,2019-10-01
Canada,2019,"Consumer Prices, Food Indices (2015 = 100)",October,103.762332,2019-10-01
Mexico,2019,"Consumer Prices, Food Indices (2015 = 100)",November,123.861122,2019-11-01
United States of America,2019,"Consumer Prices, Food Indices (2015 = 100)",November,99.770944,2019-11-01
Canada,2019,"Consumer Prices, Food Indices (2015 = 100)",November,104.9664,2019-11-01
Mexico,2019,"Consumer Prices, Food Indices (2015 = 100)",December,125.004351,2019-12-01
United States of America,2019,"Consumer Prices, Food Indices (2015 = 100)",December,99.768049,2019-12-01
Canada,2019,"Consumer Prices, Food Indices (2015 = 100)",December,105.81633,2019-12-01
Mexico,2020,"Consumer Prices, Food Indices (2015 = 100)",January,126.518151,2020-01-01
United States of America,2020,"Consumer Prices, Food Indices (2015 = 100)",January,100.360528,2020-01-01
Canada,2020,"Consumer Prices, Food Indices (2015 = 100)",January,107.374536,2020-01-01
Mexico,2020,"Consumer Prices, Food Indices (2015 = 100)",February,127.750901,2020-02-01
United States of America,2020,"Consumer Prices, Food Indices (2015 = 100)",February,100.742648,2020-02-01
Canada,2020,"Consumer Prices, Food Indices (2015 = 100)",February,106.66626,2020-02-01
United States of America,2020,"Consumer Prices, Food Indices (2015 = 100)",March,101.202929,2020-03-01
Canada,2020,"Consumer Prices, Food Indices (2015 = 100)",March,106.595433,2020-03-01
Mexico,2020,"Consumer Prices, Food Indices (2015 = 100)",March,128.77508,2020-03-01
Canada,2020,"Consumer Prices, Food Indices (2015 = 100)",April,107.587018,2020-04-01
Mexico,2020,"Consumer Prices, Food Indices (2015 = 100)",April,129.261901,2020-04-01
United States of America,2020,"Consumer Prices, Food Indices (2015 = 100)",April,103.904788,2020-04-01
Canada,2020,"Consumer Prices, Food Indices (2015 = 100)",May,107.870328,2020-05-01
Mexico,2020,"Consumer Prices, Food Indices (2015 = 100)",May,130.726214,2020-05-01
United States of America,2020,"Consumer Prices, Food Indices (2015 = 100)",May,104.786751,2020-05-01
Canada,2020,"Consumer Prices, Food Indices (2015 = 100)",June,108.224466,2020-06-01
Mexico,2020,"Consumer Prices, Food Indices (2015 = 100)",June,130.06292,2020-06-01
United States of America,2020,"Consumer Prices, Food Indices (2015 = 100)",June,105.294315,2020-06-01
Mexico,2020,"Consumer Prices, Food Indices (2015 = 100)",July,130.462554,2020-07-01
United States of America,2020,"Consumer Prices, Food Indices (2015 = 100)",July,104.256994,2020-07-01
Canada,2020,"Consumer Prices, Food Indices (2015 = 100)",July,108.295294,2020-07-01
United States of America,2020,"Consumer Prices, Food Indices (2015 = 100)",August,104.169184,2020-08-01
Canada,2020,"Consumer Prices, Food Indices (2015 = 100)",August,106.807915,2020-08-01
Mexico,2020,"Consumer Prices, Food Indices (2015 = 100)",August,131.303489,2020-08-01
United States of America,2020,"Consumer Prices, Food Indices (2015 = 100)",September,103.773554,2020-09-01
Canada,2020,"Consumer Prices, Food Indices (2015 = 100)",September,105.603847,2020-09-01
Mexico,2020,"Consumer Prices, Food Indices (2015 = 100)",September,131.692619,2020-09-01
United States of America,2020,"Consumer Prices, Food Indices (2015 = 100)",October,104.006107,2020-10-01
Canada,2020,"Consumer Prices, Food Indices (2015 = 100)",October,106.170468,2020-10-01
Mexico,2020,"Consumer Prices, Food Indices (2015 = 100)",October,132.688203,2020-10-01
United States of America,2020,"Consumer Prices, Food Indices (2015 = 100)",November,103.372135,2020-11-01
Canada,2020,"Consumer Prices, Food Indices (2015 = 100)",November,106.66626,2020-11-01
Mexico,2020,"Consumer Prices, Food Indices (2015 = 100)",November,132.619574,2020-11-01
Canada,2020,"Consumer Prices, Food Indices (2015 = 100)",December,106.38295,2020-12-01
Mexico,2020,"Consumer Prices, Food Indices (2015 = 100)",December,132.260324,2020-12-01
United States of America,2020,"Consumer Prices, Food Indices (2015 = 100)",December,103.706973,2020-12-01
Mexico,2021,"Consumer Prices, Food Indices (2015 = 100)",January,132.97649,2021-01-01
United States of America,2021,"Consumer Prices, Food Indices (2015 = 100)",January,104.070759,2021-01-01
Canada,2021,"Consumer Prices, Food Indices (2015 = 100)",January,107.445363,2021-01-01
Mexico,2021,"Consumer Prices, Food Indices (2015 = 100)",February,133.203502,2021-02-01
United States of America,2021,"Consumer Prices, Food Indices (2015 = 100)",February,104.324541,2021-02-01
Canada,2021,"Consumer Prices, Food Indices (2015 = 100)",February,108.082811,2021-02-01
Mexico,2021,"Consumer Prices, Food Indices (2015 = 100)",March,134.405322,2021-03-01
United States of America,2021,"Consumer Prices, Food Indices (2015 = 100)",March,104.536829,2021-03-01
Canada,2021,"Consumer Prices, Food Indices (2015 = 100)",March,108.011983,2021-03-01
Mexico,2021,"Consumer Prices, Food Indices (2015 = 100)",April,136.303001,2021-04-01
United States of America,2021,"Consumer Prices, Food Indices (2015 = 100)",April,105.175626,2021-04-01
Canada,2021,"Consumer Prices, Food Indices (2015 = 100)",April,107.657846,2021-04-01
Mexico,2021,"Consumer Prices, Food Indices (2015 = 100)",May,138.10754,2021-05-01
Canada,2021,"Consumer Prices, Food Indices (2015 = 100)",May,108.791086,2021-05-01
United States of America,2021,"Consumer Prices, Food Indices (2015 = 100)",May,105.496954,2021-05-01
Canada,2021,"Consumer Prices, Food Indices (2015 = 100)",June,108.932741,2021-06-01
Mexico,2021,"Consumer Prices, Food Indices (2015 = 100)",June,138.853702,2021-06-01
United States of America,2021,"Consumer Prices, Food Indices (2015 = 100)",June,106.279528,2021-06-01
Canada,2021,"Consumer Prices, Food Indices (2015 = 100)",July,109.357706,2021-07-01
Mexico,2021,"Consumer Prices, Food Indices (2015 = 100)",July,139.988411,2021-07-01
United States of America,2021,"Consumer Prices, Food Indices (2015 = 100)",July,106.935694,2021-07-01
Canada,2021,"Consumer Prices, Food Indices (2015 = 100)",August,109.570189,2021-08-01
Mexico,2021,"Consumer Prices, Food Indices (2015 = 100)",August,141.727123,2021-08-01
United States of America,2021,"Consumer Prices, Food Indices (2015 = 100)",August,107.274391,2021-08-01
Canada,2021,"Consumer Prices, Food Indices (2015 = 100)",September,110.065982,2021-09-01
Mexico,2021,"Consumer Prices, Food Indices (2015 = 100)",September,143.210461,2021-09-01
United States of America,2021,"Consumer Prices, Food Indices (2015 = 100)",September,108.460314,2021-09-01
Mexico,2021,"Consumer Prices, Food Indices (2015 = 100)",October,143.86115,2021-10-01
United States of America,2021,"Consumer Prices, Food Indices (2015 = 100)",October,109.603779,2021-10-01
Canada,2021,"Consumer Prices, Food Indices (2015 = 100)",October,110.349292,2021-10-01
United States of America,2021,"Consumer Prices, Food Indices (2015 = 100)",November,109.973354,2021-11-01
Canada,2021,"Consumer Prices, Food Indices (2015 = 100)",November,111.695015,2021-11-01
Mexico,2021,"Consumer Prices, Food Indices (2015 = 100)",November,146.93964,2021-11-01
United States of America,2021,"Consumer Prices, Food Indices (2015 = 100)",December,110.448109,2021-12-01
Canada,2021,"Consumer Prices, Food Indices (2015 = 100)",December,112.474118,2021-12-01
Mexico,2021,"Consumer Prices, Food Indices (2015 = 100)",December,147.648453,2021-12-01
United States of America,2022,"Consumer Prices, Food Indices (2015 = 100)",January,111.717983,2022-01-01
Canada,2022,"Consumer Prices, Food Indices (2015 = 100)",January,114.386461,2022-01-01
Mexico,2022,"Consumer Prices, Food Indices (2015 = 100)",January,148.812108,2022-01-01
United States of America,2022,"Consumer Prices, Food Indices (2015 = 100)",February,113.324624,2022-02-01
Mexico,2022,"Consumer Prices, Food Indices (2015 = 100)",February,150.035753,2022-02-01
Canada,2022,"Consumer Prices, Food Indices (2015 = 100)",February,116.086322,2022-02-01
Mexico,2022,"Consumer Prices, Food Indices (2015 = 100)",March,151.870639,2022-03-01
United States of America,2022,"Consumer Prices, Food Indices (2015 = 100)",March,115.009425,2022-03-01
Canada,2022,"Consumer Prices, Food Indices (2015 = 100)",March,117.361217,2022-03-01
Mexico,2022,"Consumer Prices, Food Indices (2015 = 100)",April,153.735753,2022-04-01
United States of America,2022,"Consumer Prices, Food Indices (2015 = 100)",April,116.582293,2022-04-01
Canada,2022,"Consumer Prices, Food Indices (2015 = 100)",April,118.14032,2022-04-01
Mexico,2022,"Consumer Prices, Food Indices (2015 = 100)",May,155.395215,2022-05-01
United States of America,2022,"Consumer Prices, Food Indices (2015 = 100)",May,118.175424,2022-05-01
Canada,2022,"Consumer Prices, Food Indices (2015 = 100)",May,119.344388,2022-05-01
Mexico,2022,"Consumer Prices, Food Indices (2015 = 100)",June,157.739798,2022-06-01
United States of America,2022,"Consumer Prices, Food Indices (2015 = 100)",June,119.280291,2022-06-01
Canada,2022,"Consumer Prices, Food Indices (2015 = 100)",June,119.202733,2022-06-01
United States of America,2022,"Consumer Prices, Food Indices (2015 = 100)",July,120.996936,2022-07-01
Canada,2022,"Consumer Prices, Food Indices (2015 = 100)",July,120.194319,2022-07-01
Mexico,2022,"Consumer Prices, Food Indices (2015 = 100)",July,159.795976,2022-07-01
Canada,2022,"Consumer Prices, Food Indices (2015 = 100)",August,121.398387,2022-08-01
Mexico,2022,"Consumer Prices, Food Indices (2015 = 100)",August,161.874563,2022-08-01
United States of America,2022,"Consumer Prices, Food Indices (2015 = 100)",August,121.792055,2022-08-01
Canada,2022,"Consumer Prices, Food Indices (2015 = 100)",September,122.602455,2022-09-01
Mexico,2022,"Consumer Prices, Food Indices (2015 = 100)",September,164.05481,2022-09-01
United States of America,2022,"Consumer Prices, Food Indices (2015 = 100)",September,122.481029,2022-09-01
Canada,2022,"Consumer Prices, Food Indices (2015 = 100)",October,122.531627,2022-10-01
Mexico,2022,"Consumer Prices, Food Indices (2015 = 100)",October,164.772377,2022-10-01
United States of America,2022,"Consumer Prices, Food Indices (2015 = 100)",October,123.237549,2022-10-01
Canada,2022,"Consumer Prices, Food Indices (2015 = 100)",November,124.44397,2022-11-01
Mexico,2022,"Consumer Prices, Food Indices (2015 = 100)",November,165.171894,2022-11-01
United States of America,2022,"Consumer Prices, Food Indices (2015 = 100)",November,123.12272,2022-11-01
Canada,2022,"Consumer Prices, Food Indices (2015 = 100)",December,124.868936,2022-12-01
United States of America,2022,"Consumer Prices, Food Indices (2015 = 100)",December,123.572386,2022-12-01
Mexico,2022,"Consumer Prices, Food Indices (2015 = 100)",December,166.399158,2022-12-01
United States of America,2023,"Consumer Prices, Food Indices (2015 = 100)",January,124.406103,2023-01-01
Canada,2023,"Consumer Prices, Food Indices (2015 = 100)",January,127.418727,2023-01-01
Mexico,2023,"Consumer Prices, Food Indices (2015 = 100)",January,167.816202,2023-01-01
United States of America,2023,"Consumer Prices, Food Indices (2015 = 100)",February,124.826821,2023-02-01
Canada,2023,"Consumer Prices, Food Indices (2015 = 100)",February,128.339485,2023-02-01
Mexico,2023,"Consumer Prices, Food Indices (2015 = 100)",February,168.473544,2023-02-01
United States of America,2023,"Consumer Prices, Food Indices (2015 = 100)",March,124.584618,2023-03-01
Canada,2023,"Consumer Prices, Food Indices (2015 = 100)",March,128.693622,2023-03-01
Mexico,2023,"Consumer Prices, Food Indices (2015 = 100)",March,168.643365,2023-03-01
United States of America,2023,"Consumer Prices, Food Indices (2015 = 100)",April,124.754449,2023-04-01
Canada,2023,"Consumer Prices, Food Indices (2015 = 100)",April,128.906105,2023-04-01
Mexico,2023,"Consumer Prices, Food Indices (2015 = 100)",April,169.180724,2023-04-01
Canada,2023,"Consumer Prices, Food Indices (2015 = 100)",May,130.110173,2023-05-01
Mexico,2023,"Consumer Prices, Food Indices (2015 = 100)",May,169.536123,2023-05-01
United States of America,2023,"Consumer Prices, Food Indices (2015 = 100)",May,124.849014,2023-05-01
Mexico,2023,"Consumer Prices, Food Indices (2015 = 100)",June,169.849621,2023-06-01
United States of America,2023,"Consumer Prices, Food Indices (2015 = 100)",June,124.7448,2023-06-01
Canada,2023,"Consumer Prices, Food Indices (2015 = 100)",June,130.039345,2023-06-01
Mexico,2023,"Consumer Prices, Food Indices (2015 = 100)",July,171.476636,2023-07-01
United States of America,2023,"Consumer Prices, Food Indices (2015 = 100)",July,125.21473,2023-07-01
Canada,2023,"Consumer Prices, Food Indices (2015 = 100)",July,130.393483,2023-07-01
Mexico,2023,"Consumer Prices, Food Indices (2015 = 100)",August,172.832053,2023-08-01
United States of America,2023,"Consumer Prices, Food Indices (2015 = 100)",August,125.31605,2023-08-01
Canada,2023,"Consumer Prices, Food Indices (2015 = 100)",August,129.826863,2023-08-01
United States of America,2023,"Consumer Prices, Food Indices (2015 = 100)",September,125.392281,2023-09-01
Canada,2023,"Consumer Prices, Food Indices (2015 = 100)",September,129.685208,2023-09-01
Mexico,2023,"Consumer Prices, Food Indices (2015 = 100)",September,173.733564,2023-09-01
Canada,2023,"Consumer Prices, Food Indices (2015 = 100)",October,129.189415,2023-10-01
Mexico,2023,"Consumer Prices, Food Indices (2015 = 100)",October,172.825867,2023-10-01
United States of America,2023,"Consumer Prices, Food Indices (2015 = 100)",October,125.761857,2023-10-01
Canada,2023,"Consumer Prices, Food Indices (2015 = 100)",November,130.251828,2023-11-01
Mexico,2023,"Consumer Prices, Food Indices (2015 = 100)",November,173.90712,2023-11-01
United States of America,2023,"Consumer Prices, Food Indices (2015 = 100)",November,125.097006,2023-11-01
Canada,2023,"Consumer Prices, Food Indices (2015 = 100)",December,130.676793,2023-12-01
Mexico,2023,"Consumer Prices, Food Indices (2015 = 100)",December,176.503225,2023-12-01
United States of America,2023,"Consumer Prices, Food Indices (2015 = 100)",December,125.013056,2023-12-01
Canada,2024,"Consumer Prices, Food Indices (2015 = 100)",January,131.739206,2024-01-01
Mexico,2024,"Consumer Prices, Food Indices (2015 = 100)",January,180.026751,2024-01-01
United States of America,2024,"Consumer Prices, Food Indices (2015 = 100)",January,125.884405,2024-01-01
Mexico,2024,"Consumer Prices, Food Indices (2015 = 100)",February,177.017123,2024-02-01
United States of America,2024,"Consumer Prices, Food Indices (2015 = 100)",February,126.033007,2024-02-01
Canada,2024,"Consumer Prices, Food Indices (2015 = 100)",February,131.455896,2024-02-01
United States of America,2024,"Consumer Prices, Food Indices (2015 = 100)",March,126.022393,2024-03-01
Canada,2024,"Consumer Prices, Food Indices (2015 = 100)",March,131.101758,2024-03-01
Mexico,2024,"Consumer Prices, Food Indices (2015 = 100)",March,177.01619,2024-03-01
United States of America,2024,"Consumer Prices, Food Indices (2015 = 100)",April,126.159416,2024-04-01
Canada,2024,"Consumer Prices, Food Indices (2015 = 100)",April,130.676793,2024-04-01
Mexico,2024,"Consumer Prices, Food Indices (2015 = 100)",April,178.955068,2024-04-01
United States of America,2024,"Consumer Prices, Food Indices (2015 = 100)",May,126.130467,2024-05-01
Canada,2024,"Consumer Prices, Food Indices (2015 = 100)",May,132.093344,2024-05-01
Mexico,2024,"Consumer Prices, Food Indices (2015 = 100)",May,179.705316,2024-05-01
United States of America,2024,"Consumer Prices, Food Indices (2015 = 100)",June,126.109238,2024-06-01
Mexico,2024,"Consumer Prices, Food Indices (2015 = 100)",June,180.949737,2024-06-01
Canada,2024,"Consumer Prices, Food Indices (2015 = 100)",June,132.801619,2024-06-01
United States of America,2024,"Consumer Prices, Food Indices (2015 = 100)",July,126.448901,2024-07-01
Canada,2024,"Consumer Prices, Food Indices (2015 = 100)",July,133.155757,2024-07-01
Mexico,2024,"Consumer Prices, Food Indices (2015 = 100)",July,184.804035,2024-07-01
Mexico,2024,"Consumer Prices, Food Indices (2015 = 100)",August,183.628936,2024-08-01
Canada,2024,"Consumer Prices, Food Indices (2015 = 100)",August,132.943274,2024-08-01
United States of America,2024,"Consumer Prices, Food Indices (2015 = 100)",August,126.339861,2024-08-01
United States of America,2024,"Consumer Prices, Food Indices (2015 = 100)",September,126.859004,2024-09-01
Mexico,2024,"Consumer Prices, Food Indices (2015 = 100)",September,182.610516,2024-09-01
Canada,2024,"Consumer Prices, Food Indices (2015 = 100)",September,132.801619,2024-09-01
Canada,2024,"Consumer Prices, Food Indices (2015 = 100)",October,132.730791,2024-10-01
United States of America,2024,"Consumer Prices, Food Indices (2015 = 100)",October,127.044274,2024-10-01
Mexico,2024,"Consumer Prices, Food Indices (2015 = 100)",October,184.177315,2024-10-01
United States of America,2024,"Consumer Prices, Food Indices (2015 = 100)",November,127.048134,2024-11-01
Mexico,2024,"Consumer Prices, Food Indices (2015 = 100)",November,184.882375,2024-11-01
Canada,2024,"Consumer Prices, Food Indices (2015 = 100)",November,133.580722,2024-11-01
Canada,2024,"Consumer Prices, Food Indices (2015 = 100)",December,133.155757,2024-12-01
United States of America,2024,"Consumer Prices, Food Indices (2015 = 100)",December,127.373322,2024-12-01
Mexico,2024,"Consumer Prices, Food Indices (2015 = 100)",December,184.882375,2024-12-01
United States of America,2025,"Consumer Prices, Food Indices (2015 = 100)",January,128.429073,2025-01-01
Mexico,2025,"Consumer Prices, Food Indices (2015 = 100)",January,184.804035,2025-01-01
Canada,2025,"Consumer Prices, Food Indices (2015 = 100)",January,134.21817,2025-01-01
United States of America,2025,"Consumer Prices, Food Indices (2015 = 100)",February,128.572754,2025-02-01
Mexico,2025,"Consumer Prices, Food Indices (2015 = 100)",February,184.255655,2025-02-01
Canada,2025,"Consumer Prices, Food Indices (2015 = 100)",February,135.138927,2025-02-01
Canada,2025,"Consumer Prices, Food Indices (2015 = 100)",March,135.280582,2025-03-01
Mexico,2025,"Consumer Prices, Food Indices (2015 = 100)",March,185.274075,2025-03-01
United States of America,2025,"Consumer Prices, Food Indices (2015 = 100)",March,129.205182,2025-03-01
